Id,class_0,class_1
00eed32682bb,0.9759913,0.024008684
010ebe33f668,0.9759913,0.024008684
02fa521e1838,0.9759913,0.024008684
040e15f562a2,0.9759913,0.024008684
046e85c7cc7f,0.9759913,0.024008684
