Id,class_0,class_1
00eed32682bb,0.9751576,0.024842404
010ebe33f668,0.9751576,0.024842404
02fa521e1838,0.9751576,0.024842404
040e15f562a2,0.9751576,0.024842404
046e85c7cc7f,0.9751576,0.024842404
